step,base,shoulder,elbow,wrist,x,y,z
0,92,90,90,90,0.00523,-0.14991,0.10000
1,94,90,90,90,0.01046,-0.14963,0.10000
2,92,90,90,90,0.00523,-0.14991,0.10000
3,90,90,90,90,-0.00000,-0.15000,0.10000
4,88,90,90,90,-0.00523,-0.14991,0.10000
5,86,90,90,90,-0.01046,-0.14963,0.10000
